x,y,1945,1946,1947,1948,1949,1950,1951,1952,1953,1954,1955,1956,1957,1958,1959,1960,1961,1962,1963,1964,1965,1966,1967,1968,1969,1970,1971,1972,1973,1974,1975,1976,1977,1978,1979,1980,1981,1982,1983,1984,1985,1986,1987,1988
2322.443846,876.7594429,6.756932389,5.978885765,6.807934944,6.637258031,6.807934944,7.18690102,6.953684211,7.249925537,5.897153868,7.483806688,5.214935758,6.894670039,7.562161631,7.40671073,7.188412736,7.001245622,7.147559271,6.894670039,6.063785209,7.081708586,6.186208624,6.626717749,7.33628566,6.490723535,7.057897937,6.807934944,6.883462586,7.06646697,7.035268599,7.143617603,7.113142109,7.188412736,7.120444372,7.091742115,7.319202459,6.695798917,7.486052618,7.127693699,5.976350909,7.092573716,6.953684211,7.347943823,7.480428306,6.481577129,303.3259083
740.1271457,797.5083587,7.02464903,6.710523109,7.123672785,5.918893854,7.044905117,7.527255919,6.66949809,7.180831199,7.170888479,6.597145702,7.542213463,6.212606096,7.434257382,6.637258031,6.359573869,6.732210706,4.634728988,6.838405201,6.276643489,7.451822237,7.113142109,6.137727054,7.153833802,7.476472381,6.717804695,6.059123196,6.720220155,6.075346031,6.878326468,7.091742115,7.167037877,7.688455357,7.239214974,6.782192056,7.03438793,6.282266747,6.89060912,6.690842277,7.329749689,7.509335266,7.46221494,7.084226422,5.860786223,7.273092596,300.8061322
2318.537388,697.0981073,6.463029457,6.994849986,7.135687347,6.406879986,6.063785209,6.860663671,6.620073207,7.31986493,6.802394763,7.568379268,6.633318433,6.406879986,6.827629235,6.816735881,7.135687347,7.169350017,7.351158226,6.708084084,6.280395839,6.368187186,6.270988432,6.876264612,6.726233402,6.586171655,7.153833802,7.102499356,6.558197803,6.956545443,7.151485464,7.163172391,6.202535517,6.860663671,7.012115294,7.385230923,6.765038977,6.529418838,6.752270376,7.221105098,5.937536205,6.784457063,6.997595983,6.913737351,7.124478262,6.527957918,299.4925679
759.0873237,946.3109077,6.838405201,6.304448802,6.881411304,5.924255797,6.486160789,6.909753282,6.796823718,7.035268599,6.948897222,6.883462586,7.209340257,6.463029457,6.939253946,6.710523109,6.626717749,6.800170068,6.196444128,6.741700695,6.961296046,7.188412736,6.932447892,6.93439721,6.744059186,7.370860167,6.720220155,6.11146734,7.02464903,6.66057515,6.708084084,6.975413927,7.211556733,7.145196135,7.379632153,6.559615237,6.021023349,6.22059017,7.336936914,6.913737351,7.096721378,7.175489714,7.26612878,6.270988432,6.43775165,6.765038977,298.8283566
817.7866771,1000.234237,6.927557906,6.624065228,6.836259277,6.663132696,6.434546519,6.970730078,7.257002707,7.161622003,6.921658184,6.656726524,7.030857476,6.637258031,6.921658184,6.546785411,6.206575927,6.689599269,6.588926478,6.02827852,7.044905117,7.106606138,6.838405201,6.987490247,7.037905963,7.253470383,7.026426809,6.442540166,6.532334292,5.937536205,6.64118217,7.275172319,6.656726524,7.030857476,7.036148494,6.679599186,6.118097198,6.606650186,7.180069874,6.997595983,7.126087273,7.095893221,6.956545443,6.535241271,6.180016654,6.950814768,298.377559
2230.729611,830.1935159,6.202535517,6.257667588,6.886531643,6.232448017,6.695798917,7.062191632,6.624065228,6.71417053,6.539585956,7.351158226,5.996452089,6.838405201,7.564757013,7.31986493,7.163172391,7.017506143,7.008505182,6.666956792,6.606650186,6.695798917,6.070737728,7.03966035,7.098375639,6.418364936,6.532334292,6.66057515,6.56526497,7.307872781,6.475432717,6.982862751,6.66949809,6.914730893,7.329749689,7.086737935,6.343880434,6.208590026,7.807916629,7.008505182,6.182084907,6.898714534,6.658011046,7.136483209,7.021083964,6.463029457,298.3247194
2805.909859,885.471828,7.28756064,5.97126184,7.466799475,7.010311867,6.542471961,6.762729507,6.650279049,6.978213743,6.447305863,7.248504072,6.003887067,6.406879986,6.267200549,6.572282543,7.207859871,7.008505182,6.759255271,6.906754779,6.327936784,6.620073207,6.100318952,7.035268599,7.198183577,7.194436851,6.309918278,6.946975992,6.304448802,7.205635176,6.723832441,6.597145702,6.683360946,6.886531643,7.433075349,6.971668605,5.860786223,6.907755279,7.296413269,7.157735484,5.929589143,7.17395832,7.3524411,6.343880434,7.142827401,6.593044534,297.7953054
1756.899168,860.8825028,6.008813185,5.855071922,7.273092596,6.708084084,7.663877259,6.779921907,7.175489714,6.785587645,6.336825731,7.218909708,6.212606096,6.418364936,7.543273347,6.735780014,6.463029457,7.622174595,6.805722553,6.354370041,6.304448802,6.90475077,5.846438775,6.517671273,7.01301579,7.278628942,7.123672785,7.347943823,6.442540166,6.675823222,7.114769448,6.744059186,6.345636361,6.517671273,6.9117473,6.961296046,7.208600338,6.267200549,7.029087564,7.097548851,6.354370041,7.239214974,6.163314804,6.304448802,6.853299093,6.828712072,297.3569058
2917.581841,720.7245918,7.317876199,6.047372179,7.03966035,7.207859871,6.040254711,6.575075841,6.070737728,7.057897937,6.626717749,6.410174882,6.406879986,6.318968114,5.831882477,6.683360946,7.593374193,6.774223886,6.553933404,6.782192056,6.159095388,6.418364936,6.953684211,6.396929655,6.202535517,7.222566019,6.086774727,7.042286172,6.359573869,7.050989447,7.117205503,6.805722553,6.483107351,6.486160789,7.180831199,6.91274282,6.584791392,7.00488199,7.33628566,7.22620901,6.643789733,6.588926478,8.13710339,6.968850378,7.155396302,7.232010332,297.0952573
2709.305488,824.1954749,7.260522598,5.996452089,7.149916836,6.65415252,6.478509642,6.816735881,6.238324625,7.24636808,6.035481433,7.43543802,5.958424693,6.525029658,6.047372179,6.876264612,7.055312843,6.741700695,7.070724107,6.708084084,6.525029658,6.513230111,6.086774727,6.439350371,7.161622003,6.929516771,6.100318952,6.985641818,5.966146739,7.273092596,6.418364936,6.606650186,6.276643489,6.802394763,7.685243608,6.782192056,6.204557763,6.637258031,7.31986493,7.311886164,6.553933404,7.528331767,7.446585099,6.124683391,6.971668605,6.665683718,295.6114803
2500.573472,1007.646683,6.66057515,6.663132696,6.896694332,6.535241271,6.439350371,7.36707706,6.593044534,7.282073658,6.354370041,6.770789424,6.656726524,6.865891075,6.999422468,7.118826249,7.669495251,6.64118217,6.535241271,6.878326468,6.685860947,7.053585727,5.690359454,6.498282149,6.865891075,6.838405201,6.192362489,6.675823222,5.765191103,6.525029658,6.385194399,6.182084907,6.794586581,6.535241271,6.965080346,7.109062136,7.012115294,6.380122537,7.003974137,7.301822342,5.733341277,6.484635236,6.821107472,7.020190708,7.114769448,6.988413182,295.5499923
2614.935375,1361.365765,7.192182059,6.586171655,6.782192056,6.159095388,6.71417053,6.836259277,5.932245187,6.800170068,6.689599269,6.226536669,6.11146734,6.66949809,6.64118217,7.53689713,7.545918151,6.90475077,7.017506143,6.052089169,6.226536669,7.01301579,6.656726524,5.780743516,6.280395839,6.91671502,6.896694332,6.901737207,6.17586727,7.560601163,5.713732806,6.84694314,7.45760929,6.359573869,6.906754779,6.749931194,7.160845907,6.746412129,7.094234846,7.313220387,5.860786223,6.807934944,6.855408799,6.690842277,7.308542798,6.864847778,295.5445856
1766.089131,712.5363782,6.946975992,5.81711116,6.91671502,6.708084084,7.507690078,6.768493212,6.66057515,6.148468296,5.521460918,7.248504072,6.171700597,6.222576268,7.602401336,6.88857246,6.289715571,7.229838778,6.459904454,6.206575927,5.97126184,6.182084907,5.953243334,6.047372179,6.982862751,6.951772164,7.155396302,7.137278437,5.905361848,6.956545443,7.090076836,6.929516771,6.620073207,6.816735881,6.964135612,6.837332815,6.665683718,7.089243155,7.01301579,6.875232087,6.450470422,7.153833802,6.652863029,7.067319849,7.070724107,6.456769656,294.3115693
1493.270759,1043.693196,6.327936784,6.738152495,6.744059186,6.059123196,6.800170068,7.31986493,7.194436851,6.886531643,6.633318433,7.046647278,6.242223265,6.673297968,7.139660336,6.9902565,5.579729826,6.226536669,6.66949809,6.242223265,6.475432717,7.288927695,6.345636361,6.643789733,6.418364936,7.033506484,6.901737207,6.666956792,6.510258341,6.423246964,7.139660336,6.32256524,6.617402978,6.498282149,7.065613364,7.110696123,7.026426809,6.180016654,7.128495946,6.285998095,6.439350371,7.494430215,6.280395839,6.84694314,6.64509097,6.715383386,294.0182756
2319.500953,1067.602841,7.037905963,NA,6.946975992,7.357556201,7.542213463,7.509335266,6.232448017,7.125283092,6.345636361,6.759255271,6.32256524,6.768493212,7.070724107,7.510430556,7.192182059,6.695798917,7.035268599,6.679599186,6.689599269,7.224753406,6.470799504,6.732210706,6.64118217,6.182084907,6.021023349,6.791221463,6.517671273,7.282073658,6.455198563,6.289715571,6.626717749,6.626717749,7.17395832,7.137278437,6.927557906,6.81014245,7.224753406,6.97634807,6.459904454,6.877296071,6.326149473,6.899723107,6.850126166,6.840546529,293.1864252
2751.965997,588.5116232,7.453561872,6.647688374,7.278628942,7.221105098,6.216606101,6.785587645,5.579729826,7.079184395,5.438079309,7.159291905,6.192362489,5.855071922,5.459585514,6.774223886,7.691656823,6.692083743,6.300785795,6.66057515,6.165417854,6.582025139,6.579251212,6.470799504,6.486160789,7.519149958,5.241747015,6.818924065,5.416100402,6.759255271,7.618742378,6.617402978,6.222576268,6.535241271,7.027314514,6.638567789,6.853299093,7.027314514,7.027314514,7.217443432,5.902633333,7.317876199,7.399398083,7.252053952,6.765038977,7.03966035,292.9865176
3129.942417,954.5848146,7.36707706,5.991464547,6.956545443,6.683360946,6.65415252,6.242223265,6.561030666,6.630683386,6.267200549,5.645446898,6.9902565,6.951772164,5.65248918,6.630683386,7.005789019,7.357556201,6.606650186,6.431331082,6.610696045,6.873163834,6.304448802,6.953684211,5.468060141,6.501289671,6.56526497,6.896694332,6.070737728,7.135687347,7.492203043,5.697093487,6.620073207,6.165417854,7.451822237,7.194436851,6.042632834,6.65544035,6.613384218,7.33628566,6.37502482,6.602587892,7.511524648,6.923628628,7.295056416,6.909753282,292.8918055
650.9878297,925.3411732,6.50578406,6.501289671,7.407924323,6.610696045,6.251903883,6.216606101,6.12249281,6.148468296,6.510258341,6.186208624,6.865891075,6.695798917,6.599870499,6.368187186,6.426488457,6.599870499,5.356586275,6.327936784,6.666956792,7.183111702,7.387709239,6.735780014,6.762729507,7.184629153,7.046647278,7.129297549,7.037905963,6.483107351,6.787844982,6.171700597,7.161622003,7.046647278,7.226936018,6.025865974,6.470799504,6.342121419,7.449498005,6.342121419,6.677083461,7.36707706,6.722629795,6.685860947,6.410174882,6.536691598,292.7448113
2911.614117,925.9941006,6.796823718,5.730099783,7.141245122,6.708084084,6.222576268,6.363028104,6.883462586,7.121252453,5.97126184,6.222576268,6.393590754,6.774223886,5.877735782,6.525029658,6.975413927,6.978213743,7.020190708,6.774223886,6.318968114,6.33150185,5.609471795,6.8134446,7.077498054,7.260522598,6.762729507,6.779921907,6.238324625,6.762729507,7.01571242,6.238324625,6.035481433,6.66949809,7.044032897,7.003974137,5.267858159,6.84694314,7.589841512,7.057897937,5.942799375,7.13009851,7.425953657,6.605297921,7.252762418,6.86171134,292.4223327
793.3791197,826.6045751,6.617402978,6.992096427,6.854354502,6.455198563,6.753437919,7.497761701,6.393590754,7.574045005,6.785587645,6.075346031,7.718240952,6.447305863,7.446001498,6.396929655,6.192362489,6.630683386,6.238324625,6.393590754,7.135687347,7.384610383,6.535241271,5.438079309,7.02464903,7.579167967,7.077498054,6.09356977,6.606650186,6.966024187,6.873163834,6.948897222,6.9902565,7.465082736,6.820016365,6.650279049,6.586171655,6.520621128,6.957497371,6.381816017,6.908754779,NA,7.523481313,6.701960366,6.434546519,7.24636808,292.3123512
2207.072401,1114.602385,6.300785795,6.620073207,6.692083743,6.599870499,7.567345676,7.497761701,5.796057751,7.113142109,6.126869184,6.483107351,6.222576268,6.765038977,7.118826249,7.029087564,7.184629153,6.860663671,6.948897222,6.289715571,6.257667588,7.209340257,5.690359454,6.84694314,5.846438775,6.08221891,6.517671273,7.01301579,6.242223265,6.822197391,6.610696045,6.345636361,6.624065228,6.267200549,6.752270376,7.17472431,7.344719054,6.381816017,7.123672785,7.009408933,5.793013608,6.685860947,6.383506635,6.744059186,6.208590026,6.502790046,291.6966376
2181.828254,683.0892546,6.313548046,6.148468296,6.894670039,6.558197803,6.572282543,6.137727054,6.673297968,7.113142109,6.753437919,6.91671502,6.363028104,6.359573869,7.33823815,6.588926478,6.811244379,6.434546519,7.180831199,6.656726524,6.822197391,5.746203191,5.225746674,6.637258031,7.074963198,6.759255271,7.068172,6.186208624,6.17586727,7.205635176,6.836259277,6.498282149,6.768493212,6.741700695,6.974478911,6.792344427,5.786897381,6.09356977,6.97634807,6.670766321,5.983936281,6.910750788,6.859614904,7.055312843,7.163172391,6.580639137,291.4086754
1496.465686,1041.810818,6.212606096,6.542471961,6.597145702,5.983936281,6.546785411,7.167037877,6.838405201,6.650279049,6.442540166,7.001245622,6.171700597,6.553933404,6.961296046,7.046647278,5.468060141,6.232448017,6.796823718,6.295266001,6.698268054,7.244941546,6.251903883,6.575075841,6.498282149,7.167037877,6.818924065,6.527957918,6.517671273,6.450470422,6.978213743,6.371611847,6.695798917,6.380122537,7.013915475,7.142036575,7.183870715,6.098074282,6.91274282,6.079933195,6.381816017,7.473637108,6.196444128,6.811244379,6.672032945,6.651571874,291.3022282
2941.258224,799.1308152,6.948897222,6.212606096,6.818924065,6.289715571,6.606650186,6.593044534,6.289715571,6.498282149,6.723832441,6.295266001,6.222576268,6.202535517,5.572154032,6.171700597,7.432483808,6.568077911,7.033506484,6.572282543,6.72982407,7.114769448,6.586171655,6.695798917,6.633318433,6.891625897,5.910796644,6.833031733,5.723585102,7.026426809,7.381501895,6.327936784,5.529429088,6.047372179,7.132497552,6.860663671,6.313548046,6.558197803,7.084226422,6.608000625,6.137727054,6.981934677,7.878155337,7.018401799,6.634633358,7.104144093,290.7959701
1032.763845,822.998793,6.285998095,7.125283092,7.412764017,6.09356977,6.802394763,7.091742115,7.252053952,6.738152495,6.673297968,6.597145702,5.723585102,6.463029457,6.568077911,6.542471961,6.115892125,6.431331082,5.863631176,5.897153868,6.985641818,7.255591274,6.415096959,5.937536205,6.805722553,7.113142109,6.354370041,6.17586727,6.159095388,6.603943825,6.791221463,6.932447892,6.816735881,7.173191742,6.930494766,6.855408799,6.263398263,6.376726948,7.440146681,6.598509029,6.522092798,7.096721378,7.152268856,6.650279049,5.886104031,5.774551546,290.7438812
2583.359834,1123.791933,6.939253946,6.520621128,7.010311867,6.02827852,6.434546519,7.278628942,6.49375384,6.91968385,6.226536669,6.805722553,6.070737728,6.747586527,7.333023014,7.618742378,7.260522598,6.753437919,NA,6.975413927,6.865891075,6.944087208,6.289715571,5.780743516,6.561030666,6.345636361,6.410174882,6.987490247,5.65248918,6.782192056,7.235619141,6.304448802,6.768493212,6.401917197,7.148345744,6.732210706,7.013915475,6.793466133,7.122059882,6.918695219,6.695798917,6.89060912,6.968850378,7.043159916,7.25488481,7.313886832,290.6426142
1501.746804,1126.657216,6.380122537,6.388561406,6.597145702,5.840641657,6.796823718,7.268223021,6.782192056,6.701960366,6.650279049,7.554334824,5.81711116,6.894670039,7.46221494,6.854354502,5.855071922,6.070737728,6.66057515,6.72982407,5.826000107,7.356279877,6.285998095,6.873163834,6.643789733,6.921658184,7.096721378,6.318968114,6.186208624,6.415096959,6.396929655,6.115892125,6.483107351,6.363028104,6.940222469,6.841615476,6.71417053,5.978885765,6.591673732,6.56667243,6.538139824,7.377133713,5.902633333,6.921658184,6.905753276,6.683360946,290.5496057
2212.557149,930.5074391,6.202535517,6.242223265,7.334981879,6.723832441,7.305860033,7.153833802,6.708084084,6.942156706,6.059123196,7.33823815,6.154858094,6.762729507,7.221105098,6.985641818,6.921658184,6.238324625,6.717804695,6.251903883,6.318968114,6.996681488,6.8134446,6.708084084,7.085901464,6.159095388,6.717804695,6.836259277,6.568077911,7.368970402,6.867974409,6.539585956,6.572282543,6.970730078,NA,7.409741954,6.577861358,6.216606101,7.308542798,6.843749949,6.327936784,6.81014245,6.899723107,6.862757913,6.863803391,6.472346295,290.3819675
1814.368562,999.6402497,6.447305863,6.11146734,5.81711116,6.202535517,7.502186487,6.572282543,7.228388452,6.881411304,5.966146739,7.02464903,6.525029658,6.238324625,7.190676034,6.380122537,5.945420609,7.721791777,6.09356977,NA,6.774223886,7.796469243,5.996452089,6.643789733,6.717804695,7.062191632,6.865891075,7.098375639,6.483107351,6.805722553,6.88857246,6.894670039,6.811244379,6.527957918,7.248504072,7.215239979,7.463936604,6.324358962,6.735780014,7.147559271,6.086774727,7.03966035,6.378426184,6.744059186,7.544332108,6.93439721,290.0779208
3189.55071,1261.401353,6.008813185,6.663132696,6.673297968,6.401917197,6.470799504,6.88857246,6.327936784,7.218909708,6.520621128,5.680172609,6.447305863,6.704414355,6.49375384,6.765038977,6.137727054,6.561030666,7.386470849,6.956545443,6.624065228,7.073269717,6.285998095,NA,6.862757913,7.163172391,6.857514063,6.953684211,6.345636361,7.24636808,7.407924323,6.059123196,6.115892125,6.008813185,6.527957918,7.127693699,6.357842267,7.10824414,7.257707677,7.096721378,7.360739903,7.371489295,7.446585099,7.368970402,6.739336627,6.979145275,290.0531129
3460.794627,1366.563835,6.49375384,6.003887067,6.410174882,6.871091295,5.891644212,6.159095388,6.02827852,6.921658184,6.966024187,6.992096427,6.650279049,7.083387848,5.958424693,6.617402978,6.637258031,7.044905117,6.11146734,6.546785411,6.756932389,6.753437919,6.582025139,6.985641818,5.723585102,7.290974778,6.423246964,6.490723535,6.359573869,6.88857246,7.288927695,6.970730078,5.501258211,6.747586527,6.156978986,6.371611847,5.710427017,7.151485464,6.697034248,6.647688374,6.12905021,7.056175284,7.125283092,6.876264612,6.391917113,7.409136444,289.8738836
3223.537296,1320.539353,6.698268054,6.685860947,6.350885717,6.309918278,6.052089169,6.304448802,6.738152495,6.987490247,6.280395839,5.780743516,6.144185634,6.630683386,6.513230111,6.624065228,6.921658184,6.762729507,6.647688374,6.49375384,6.708084084,6.620073207,6.679599186,6.486160789,6.08221891,6.90475077,6.597145702,6.985641818,6.401917197,6.97354302,7.333023014,4.890349128,6.09356977,6.257667588,5.986452005,6.866933284,6.259581464,6.996681488,7.026426809,6.666956792,7.267525428,7.333676396,7.162397497,7.003974137,6.107022888,7.07834158,289.6959613
2842.868568,848.8537021,6.899723107,5.739792912,6.704414355,6.575075841,6.683360946,6.261491684,6.350885717,6.035481433,6.171700597,6.924612396,5.713732806,6.447305863,6.327936784,6.891625897,7.113142109,6.914730893,7.049254841,6.717804695,6.104793232,6.546785411,5.796057751,6.192362489,6.959398512,7.496652438,6.603943825,6.741700695,5.707110265,7.049254841,7.010311867,5.438079309,6.388561406,6.11146734,7.175489714,6.748759547,6.582025139,7.101675972,7.122059882,7.052721049,5.84932478,6.909753282,7.38832786,6.546785411,6.894670039,6.595780514,289.6359254
2928.075091,1417.106035,6.894670039,6.450470422,5.978885765,6.459904454,5.877735782,7.139660336,6.854354502,6.782192056,7.100851909,6.975413927,6.165417854,6.805722553,6.749931194,7.073269717,NA,7.098375639,6.717804695,6.459904454,6.8134446,7.196686571,6.66949809,6.588926478,6.206575927,7.118826249,6.09356977,7.020190708,6.09356977,7.260522598,5.966146739,5.945420609,6.486160789,6.242223265,7.120444372,7.145984468,6.51174533,7.456454555,7.121252453,7.286876412,5.926926026,7.055312843,6.920671504,6.768493212,7.163172391,6.840546529,288.6042076
1801.9276,546.8403508,6.613384218,5.780743516,7.090076836,5.945420609,6.251903883,6.586171655,6.852242569,5.937536205,6.726233402,6.568077911,5.170483995,6.415096959,7.612336837,6.785587645,5.673323267,7.285506549,6.720220155,6.003887067,5.680172609,6.035481433,5.81711116,6.779921907,7.465082736,6.17586727,7.63336965,6.242223265,6.827629235,6.553933404,7.276556403,6.368187186,5.966146739,6.741700695,6.473890696,6.517671273,6.601230119,7.222566019,7.291656209,7.145984468,6.135564891,6.56667243,6.487684018,7.149131599,6.668228248,6.478509642,288.3204066
447.9087407,900.9596588,6.222576268,6.501289671,6.841615476,6.063785209,6.535241271,6.720220155,6.447305863,7.44132039,7.003974137,7.268223021,7.079184395,6.340359304,7.147559271,6.532334292,6.385194399,6.318968114,3.526360525,6.285998095,6.770789424,7.083387848,6.401917197,5.883322388,6.222576268,6.720220155,6.956545443,6.226536669,6.633318433,6.222576268,6.782192056,5.187385806,7.091742115,7.509335266,6.785587645,6.246106765,6.480044562,6.102558595,6.807934944,6.29710932,7.239214974,7.731930722,6.514712691,6.385194399,6.315358002,6.856461985,288.1155698
2072.960217,775.8181407,5.937536205,5.897153868,6.901737207,6.226536669,6.692083743,7.228388452,7.167037877,6.891625897,6.49375384,7.232010332,6.830874235,6.765038977,7.380255788,6.999422468,6.553933404,6.406879986,6.899723107,NA,6.33150185,6.467698726,5.877735782,7.295735073,7.51479976,6.800170068,7.121252453,6.304448802,6.881411304,7.598399329,7.113142109,7.050989447,6.553933404,7.232010332,7.288244401,7.163946684,6.816735881,6.81563999,7.577121931,7.199678346,6.018593214,NA,6.872128101,7.150701458,7.333676396,6.781057626,287.6647445
2193.180594,689.044665,6.202535517,6.238324625,6.970730078,6.921658184,6.49375384,6.289715571,6.944087208,6.961296046,6.82437367,6.959398512,5.627621114,6.593044534,7.380255788,6.637258031,6.871091295,6.597145702,7.139660336,6.345636361,6.914730893,6.206575927,5.170483995,7.249925537,7.216709487,6.791221463,6.961296046,6.626717749,5.966146739,7.118826249,6.978213743,6.501289671,6.675823222,6.774223886,7.195937226,7.084226422,6.079933195,5.958424693,7.300472814,6.928537818,5.733341277,NA,6.952728645,7.003065459,7.172424577,6.65544035,287.2143035
2889.19117,748.9962033,7.513163545,4.983606622,6.9117473,6.71417053,6.336825731,6.816735881,6.32256524,6.852242569,6.486160789,6.692083743,6.363028104,6.11146734,5.446737372,6.406879986,7.849323818,6.527957918,6.883462586,6.633318433,6.470799504,NA,6.811244379,6.490723535,6.498282149,7.094234846,5.966146739,6.768493212,5.765191103,7.314552832,7.545918151,6.71417053,6.336825731,6.350885717,7.489970899,6.546785411,6.754604099,7.123672785,7.239214974,6.820016365,6.202535517,6.938284484,7.996653875,6.66057515,6.739336627,6.698268054,287.1888642
2406.559829,961.8857777,6.49375384,6.126869184,6.597145702,6.232448017,6.909753282,7.163172391,6.999422468,7.06646697,6.483107351,7.387709239,6.086774727,6.765038977,7.314552832,7.295735073,7.155396302,7.070724107,7.275172319,6.442540166,5.680172609,7.074963198,6.393590754,6.72982407,7.017506143,6.393590754,5.831882477,6.633318433,6.075346031,6.818924065,6.285998095,6.459904454,6.701960366,6.588926478,7.157735484,6.637258031,6.778784898,6.719013154,6.906754779,6.953684211,5.726847748,6.033086222,6.673297968,NA,6.965080346,6.926577033,287.0298107
1667.244281,393.1042221,6.535241271,6.248042875,6.732210706,6.551080335,6.075346031,6.8134446,6.467698726,6.186208624,6.881411304,6.794586581,6.148468296,6.953684211,6.894670039,6.300785795,5.081404365,6.532334292,7.100851909,6.295266001,6.470799504,5.958424693,5.552959585,6.186208624,7.539558829,6.927557906,7.081708586,5.780743516,6.647688374,7.008505182,6.431331082,6.350885717,6.663132696,6.84694314,6.752270376,6.698268054,6.042632834,6.552507887,6.54534966,7.320526962,5.673323267,6.981005741,6.311734809,7.467942332,7.119635638,5.252273428,286.7566544
1851.886902,560.2849521,6.770789424,5.673323267,6.340359304,6.770789424,6.359573869,6.551080335,6.970730078,6.202535517,6.944087208,NA,6.345636361,6.776506992,7.643003636,6.726233402,5.996452089,7.170888479,6.692083743,6.423246964,5.424950017,6.242223265,5.579729826,6.770789424,7.679251426,6.683360946,7.380255788,6.289715571,6.756932389,7.046647278,6.90475077,6.663132696,6.896694332,6.811244379,7.058758153,6.682108597,6.793466133,7.160069208,6.986566459,7.296413269,5.768320996,6.678342115,6.52649486,7.26612878,6.925595197,5.789960171,286.4192221
1754.835007,274.9795931,7.363913501,6.50578406,7.167037877,6.867974409,5.673323267,6.49375384,6.66057515,5.627621114,5.897153868,6.532334292,5.746203191,5.877735782,7.094234846,6.970730078,5.480638923,6.852242569,6.811244379,6.415096959,5.627621114,5.97126184,6.021023349,6.794586581,7.149916836,7.387709239,6.633318433,6.304448802,6.059123196,6.906754779,6.586171655,6.894670039,6.747586527,6.630683386,6.605297921,6.059123196,6.37331979,6.834108739,6.954638865,7.297768283,6.428105273,6.925595197,6.651571874,6.799055862,6.603943825,5.003946306,286.288949
183.5453228,915.9838949,6.735780014,6.212606096,7.778630147,6.309918278,6.72982407,7.02464903,7.161622003,6.982862751,7.029087564,7.28756064,6.873163834,7.467942332,7.114769448,5.590986981,6.841615476,6.257667588,4.276666119,5.855071922,7.110696123,6.599870499,6.309918278,6.171700597,6.01615716,5.66296048,6.542471961,6.467698726,7.653020414,6.450470422,6.689599269,4.406719247,7.050989447,7.18690102,6.858565035,6.02827852,5.308267697,6.357842267,6.818924065,6.11146734,5.826000107,6.920671504,6.783325201,6.842683282,6.395261598,6.102558595,286.2034431
1632.590263,986.8972218,6.626717749,6.836259277,6.924612396,6.513230111,7.211556733,7.170888479,7.201916318,6.610696045,6.144185634,6.942156706,4.875197323,5.308267697,7.094234846,6.860663671,5.590986981,6.345636361,6.937314081,6.148468296,7.046647278,7.085901464,6.202535517,6.285998095,6.802394763,7.029087564,6.91968385,6.91968385,6.154858094,6.939253946,6.478509642,6.561030666,6.762729507,6.063785209,6.551080335,7.008505182,6.947937069,6.618738984,6.584791392,6.295266001,6.458338283,7.209340257,NA,6.293419279,6.816735881,6.903747258,284.2829881
2092.096713,596.873583,6.418364936,6.003887067,7.297768283,6.791221463,5.332718793,6.11146734,6.980075941,6.987490247,6.295266001,6.876264612,5.786897381,6.350885717,6.816735881,6.673297968,6.047372179,6.133398043,6.439350371,5.869296913,5.081404365,5.501258211,5.459585514,6.606650186,6.785587645,7.087573706,7.233455419,6.11146734,6.401917197,6.959398512,7.180831199,6.021023349,6.744059186,6.924612396,6.501289671,6.685860947,6.37502482,5.602118821,6.882437471,6.867974409,6.43775165,6.361302478,7.070724107,7.090909822,6.541029999,6.385194399,284.112202
2509.415104,1138.222422,7.297768283,6.599870499,6.561030666,5.796057751,6.463029457,7.13169851,5.918893854,6.753437919,6.144185634,6.345636361,6.021023349,6.295266001,6.478509642,7.415776975,6.9117473,6.09356977,6.726233402,6.579251212,6.380122537,6.791221463,5.883322388,4.812184355,6.704414355,6.467698726,5.616771098,6.698268054,5.267858159,6.350885717,6.02827852,5.416100402,6.535241271,6.040254711,6.966024187,6.536691598,6.774223886,6.519147288,7.401841579,6.996681488,5.765191103,6.311734809,6.602587892,7.134093721,7.122866659,7.142827401,283.79952
1734.359303,303.5355196,6.946975992,6.738152495,6.939253946,6.878326468,6.551080335,6.144185634,6.84694314,5.509388337,5.991464547,6.434546519,5.945420609,6.599870499,7.035268599,7.057897937,6.467698726,7.087573706,6.582025139,6.93439721,NA,6.09356977,6.075346031,7.259116128,7.528331767,7.221105098,6.393590754,6.463029457,5.846438775,6.785587645,6.309918278,6.992096427,6.90475077,6.675823222,7.009408933,6.244166901,6.527957918,6.742880636,7.148345744,7.01571242,6.401917197,7.643482907,6.535241271,6.857514063,6.282266747,4.077537444,283.7256061
2753.987507,825.3566964,7.275172319,5.811140993,7.194436851,6.946975992,6.442540166,6.350885717,5.978885765,6.17586727,NA,7.008505182,5.826000107,6.075346031,6.257667588,6.692083743,7.145196135,6.568077911,6.93439721,6.726233402,5.983936281,6.385194399,5.802118375,6.794586581,6.97354302,6.929516771,6.17586727,6.944087208,5.680172609,6.894670039,6.270988432,6.300785795,5.730099783,6.483107351,7.301147806,6.719013154,6.11368218,7.119635638,7.172424577,6.957497371,6.188264123,7.513163545,7.495541944,6.440946541,6.818924065,6.165417854,282.7637451
523.2142392,986.8790347,6.33150185,6.520621128,6.133398043,6.115892125,7.01571242,6.406879986,6.617402978,6.759255271,6.849066283,6.867974409,6.723832441,5.953243334,6.49375384,5.609471795,6.744059186,6.182084907,4.127134385,5.318119994,7.030857476,6.878326468,6.579251212,6.261491684,5.771441123,6.849066283,6.33150185,5.755742214,6.953684211,6.418364936,7.083387848,6.33150185,7.070724107,7.34601021,7.00033446,5.164785974,5.192956851,6.021023349,6.88857246,5.953243334,7.178545484,7.327123292,6.602587892,5.916202063,6.590301048,7.180069874,282.4465019
3003.463466,781.1719615,7.276556403,5.765191103,7.037905963,7.159291905,6.426488457,6.575075841,6.232448017,6.894670039,6.88857246,6.388561406,7.073269717,6.726233402,5.446737372,6.787844982,7.507690078,7.216709487,6.551080335,6.843749949,6.72982407,6.802394763,6.738152495,6.992096427,6.535241271,7.304515946,7.070724107,7.488293515,6.56526497,6.852242569,7.304515946,7.257002707,6.09356977,6.597145702,7.529943371,7.132497552,6.81563999,6.736966958,6.803505258,7.237778192,6.93439721,6.961296046,8.093462275,NA,NA,NA,281.374548
1085.75373,930.861811,6.021023349,NA,7.297768283,6.708084084,6.762729507,7.098375639,6.800170068,6.726233402,NA,6.267200549,6.463029457,6.830874235,6.66949809,6.982862751,6.144185634,6.517671273,6.212606096,6.396929655,6.787844982,7.671826798,6.192362489,6.762729507,6.539585956,7.631916513,6.336825731,6.802394763,5.780743516,6.32256524,7.177018766,6.741700695,7.133295955,6.975413927,7.155396302,6.476972363,6.386879319,5.948034989,7.192182059,6.098074282,5.891644212,7.153051635,6.74051936,7.292337176,6.519147288,6.925595197,280.5353011
2822.045002,707.1961251,7.809947086,5.771441123,6.849066283,7.137278437,6.450470422,6.9117473,5.730099783,6.90475077,6.137727054,6.802394763,6.650279049,6.257667588,4.787491743,6.410174882,7.707961532,6.517671273,NA,NA,5.897153868,6.410174882,5.598421959,6.626717749,6.196444128,7.165493475,6.059123196,6.675823222,6.052089169,7.057897937,7.580189418,6.610696045,6.486160789,6.643789733,7.221105098,6.875232087,6.779921907,6.96979067,6.942156706,7.202661197,6.146329258,6.926577033,7.762596049,6.935370446,7.014814351,6.739336627,279.4122361
1951.170159,473.2031998,6.380122537,5.953243334,7.365812837,6.182084907,6.100318952,6.891625897,6.606650186,5.459585514,5.978885765,6.535241271,5.780743516,5.402677382,6.956545443,6.212606096,6.182084907,6.340359304,6.756932389,6.442540166,5.680172609,5.579729826,6.182084907,6.527957918,6.376726948,6.975413927,6.768493212,6.313548046,6.376726948,6.854354502,6.267200549,6.393590754,6.626717749,6.647688374,6.188264123,5.375278408,5.33753808,7.104965448,6.839476438,6.84694314,5.720311777,6.642486801,6.216606101,6.745236349,6.517671273,6.086774727,278.7200193
189.1570463,844.5102132,7.005789019,6.376726948,7.688455357,6.726233402,6.371611847,7.232010332,6.318968114,7.083387848,7.304515946,7.577633833,6.267200549,NA,6.463029457,5.966146739,6.212606096,6.396929655,5.356586275,6.32256524,7.074963198,6.787844982,6.202535517,6.251903883,5.529429088,5.66296048,6.558197803,6.196444128,7.295735073,5.616771098,6.603943825,5.488937726,7.068172,7.044905117,6.593044534,6.673297968,5.003946306,6.624065228,6.637258031,6.33150185,6.137727054,6.751101469,6.670766321,6.28785856,6.670766321,5.758901774,278.193376
2215.210641,759.6250809,6.154858094,5.831882477,6.862757913,6.586171655,6.423246964,7.073269717,6.93439721,6.434546519,6.423246964,7.087573706,5.739792912,7.003974137,7.515889085,6.968850378,7.180831199,7.068172,NA,6.242223265,5.680172609,5.141663557,5.673323267,6.91671502,7.229838778,6.650279049,6.862757913,5.869296913,6.047372179,7.094234846,NA,7.113142109,5.953243334,6.675823222,6.978213743,7.443078374,6.472346295,5.950642553,7.286876412,6.869014451,5.616771098,6.69950034,7.036148494,6.946013991,7.190676034,6.65544035,277.5842691
577.0608257,817.1698787,6.385194399,6.794586581,7.201916318,7.017506143,6.350885717,6.982862751,5.680172609,6.64118217,6.704414355,6.133398043,7.117205503,6.704414355,7.161622003,6.431331082,6.579251212,NA,3.258096538,7.049254841,NA,7.28756064,6.881411304,7.104965448,7.02464903,7.542213463,6.401917197,6.932447892,6.650279049,6.431331082,6.371611847,5.771441123,7.046647278,7.43543802,6.525029658,6.184148891,6.03068526,6.188264123,7.630461262,6.475432717,7.158513997,7.337587744,6.867974409,6.66057515,6.514712691,4.890349128,277.538943
3082.1613,936.5584547,7.237059026,6.304448802,NA,NA,6.238324625,6.371611847,6.520621128,6.666956792,6.08221891,NA,6.987490247,7.003974137,5.786897381,6.345636361,7.224753406,7.161622003,7.190676034,6.11146734,6.285998095,6.779921907,6.059123196,6.82437367,5.560681631,6.434546519,6.663132696,7.579167967,6.340359304,7.248504072,7.147559271,6.202535517,6.340359304,6.222576268,7.628031127,7.104965448,6.825460036,7.133295955,7.120444372,7.201916318,6.329720906,7.100851909,7.83873756,7.102499356,7.244941546,7.030857476,276.5843195
1820.072749,387.7206654,6.886531643,6.257667588,7.049254841,6.939253946,2.772588722,6.336825731,6.906754779,5.627621114,6.12249281,6.759255271,5.897153868,6.02827852,6.827629235,6.32256524,5.293304825,6.426488457,6.999422468,6.490723535,5.356586275,6.100318952,5.937536205,6.418364936,7.28756064,6.617402978,6.09356977,5.877735782,6.12249281,6.613384218,6.599870499,7.198183577,6.376726948,6.72982407,6.805722553,5.398162702,6.115892125,6.748759547,6.391917113,7.166265974,5.693732139,6.28785856,6.03787092,6.70073111,6.555356892,5.117993812,276.2936337
1884.324897,629.1311378,6.447305863,6.415096959,6.97354302,6.535241271,6.148468296,5.937536205,6.770789424,6.359573869,6.267200549,6.894670039,6.359573869,6.768493212,NA,6.91671502,5.379897354,6.603943825,6.063785209,6.165417854,6.32256524,NA,5.129898715,6.88857246,7.819234454,7.017506143,7.133295955,6.572282543,7.196686571,6.924612396,7.242797923,6.270988432,6.318968114,6.818924065,6.300785795,6.910750788,6.329720906,7.235619141,6.72982407,7.370860167,5.525452939,6.408528791,6.647688374,6.878326468,6.829793738,6.34738921,276.1783252
2703.918486,1025.824414,6.765038977,5.680172609,7.127693699,6.008813185,7.110696123,6.836259277,6.964135612,7.17930797,6.406879986,6.56526497,6.32256524,6.999422468,6.327936784,6.599870499,6.354370041,6.9117473,6.09356977,6.280395839,6.558197803,NA,6.086774727,6.501289671,6.003887067,NA,6.313548046,6.802394763,6.470799504,7.363913501,5.953243334,6.11146734,6.498282149,6.350885717,7.042286172,6.068425588,6.613384218,6.683360946,7.032624261,7.33432935,5.59471138,7.176254532,7.181591945,6.033086222,6.423246964,6.776506992,275.5086325
3224.731803,1480.908504,NA,NA,5.416100402,6.942156706,6.434546519,6.558197803,6.582025139,6.894670039,7.356279877,7.001245622,6.040254711,6.238324625,6.568077911,6.597145702,6.021023349,7.141245122,6.91671502,6.280395839,5.786897381,6.726233402,6.685860947,6.455198563,6.84694314,6.948897222,6.695798917,7.110696123,6.388561406,7.326465614,6.891625897,6.309918278,6.582025139,6.924612396,5.950642553,7.136483209,7.064759028,7.018401799,7.079184395,6.693323668,7.017506143,7.98104976,7.005789019,6.690842277,6.459904454,NA,274.7660251
226.7314582,1008.183317,NA,NA,7.446001498,6.675823222,6.726233402,6.8134446,6.800170068,5.627621114,7.677863501,7.244941546,7.070724107,7.648263031,6.216606101,6.663132696,7.03966035,5.509388337,3.784189634,6.063785209,7.106606138,5.66296048,6.008813185,6.568077911,5.924255797,6.063785209,7.026426809,6.475432717,7.45760929,6.104793232,6.982862751,4.812184355,6.66057515,7.582738489,6.834108739,7.107425474,5.96100534,6.794586581,6.874198495,5.529429088,7.029972912,7.122059882,6.753437919,5.888877958,6.434546519,5.648974238,273.4235931
2700.783936,1254.162844,6.782192056,6.363028104,6.186208624,5.690359454,6.8134446,6.768493212,6.418364936,7.157735484,6.568077911,6.483107351,6.035481433,7.155396302,6.558197803,6.66949809,6.558197803,6.154858094,NA,6.561030666,6.498282149,6.603943825,NA,6.248042875,6.276643489,6.886531643,5.521460918,6.72982407,6.582025139,7.029087564,6.02827852,5.869296913,6.216606101,6.363028104,6.165417854,6.289715571,6.827629235,6.863803391,7.067319849,6.715383386,5.891644212,6.424869024,6.224558429,6.663132696,6.329720906,6.908754779,272.1486726
1601.125889,1020.827948,6.881411304,6.599870499,6.838405201,6.816735881,7.110696123,7.188412736,6.961296046,6.695798917,6.345636361,7.384610383,5.332718793,6.418364936,7.43838353,6.71417053,5.446737372,NA,6.84694314,NA,NA,7.190676034,6.723832441,6.450470422,NA,7.118826249,6.894670039,6.942156706,6.822197391,6.802394763,6.996681488,6.613384218,6.633318433,5.869296913,7.028201432,7.079184395,7.25629724,6.829793738,6.563855527,6.625392368,6.701960366,7.347943823,6.08221891,6.556778356,6.884486652,6.733401892,269.7676115
2745.556031,1127.732022,6.878326468,6.267200549,6.679599186,6.579251212,6.257667588,7.192182059,6.490723535,6.921658184,5.509388337,6.340359304,6.463029457,6.794586581,6.679599186,7.198183577,7.327780538,7.02464903,6.415096959,NA,6.881411304,NA,6.336825731,6.309918278,6.673297968,6.891625897,6.340359304,6.426488457,6.675823222,6.747586527,6.857514063,6.72982407,7.198183577,6.232448017,7.602900462,7.008505182,6.792344427,NA,NA,7.31986493,4.828313737,7.133295955,7.239932591,6.710523109,7.353081921,7.106606138,268.4159566
1615.29223,687.0371868,6.267200549,6.186208624,6.841615476,6.318968114,NA,5.897153868,6.744059186,5.924255797,NA,6.857514063,6.401917197,6.561030666,7.221105098,6.535241271,6.137727054,7.28756064,6.811244379,5.966146739,6.380122537,6.261491684,6.463029457,6.56526497,7.046647278,6.770789424,6.927557906,6.582025139,5.501258211,6.701960366,6.572282543,6.663132696,6.710523109,6.192362489,5.438079309,5.991464547,6.484635236,6.735780014,6.941190055,6.086774727,5.929589143,7.124478262,NA,6.428105273,6.194405391,6.126869184,264.7787677
715.2577031,1044.149861,NA,NA,NA,NA,NA,7.055312843,6.776506992,6.84694314,6.91968385,7.232010332,7.427738841,6.003887067,7.037905963,6.597145702,6.535241271,6.66057515,5.905361848,5.883322388,7.050989447,6.698268054,7.026426809,6.744059186,6.01615716,7.042286172,7.008505182,6.510258341,6.698268054,5.780743516,6.982862751,6.956545443,7.090076836,7.155396302,7.063048163,6.924612396,6.421622268,6.555356892,7.072421901,6.533788838,7.222566019,7.153051635,7.416378479,6.267200549,6.549650742,6.830874235,263.6530508
1679.836166,495.6327614,NA,NA,NA,5.937536205,6.467698726,7.020190708,6.921658184,6.345636361,6.350885717,6.673297968,5.910796644,6.467698726,6.794586581,6.542471961,5.673323267,6.64118217,6.873163834,6.478509642,5.966146739,4.077537444,5.609471795,5.501258211,7.059617628,6.49375384,6.827629235,6.159095388,6.313548046,6.756932389,6.732210706,6.838405201,6.309918278,6.964135612,5.937536205,6.625392368,6.692083743,6.959398512,7.149131599,7.03966035,6.177944114,6.104793232,6.124683391,6.783325201,6.742880636,6.504288174,263.5494147
3005.015892,844.0267945,6.463029457,NA,NA,NA,7.33823815,6.280395839,NA,6.070737728,6.304448802,NA,6.520621128,5.746203191,6.159095388,6.486160789,7.499423291,6.860663671,6.498282149,6.401917197,6.463029457,7.21303166,6.673297968,6.575075841,5.697093487,6.970730078,7.030857476,7.201916318,6.467698726,7.190676034,7.429520843,6.159095388,6.063785209,6.304448802,7.309212366,6.9117473,6.137727054,6.440946541,6.89060912,7.030857476,6.487684018,6.987490247,7.825245291,6.980075941,6.882437471,7.164720379,261.1182273
2436.551798,1005.235996,6.932447892,6.133398043,6.999422468,6.238324625,6.93439721,7.253470383,6.822197391,7.233455419,6.423246964,7.008505182,6.575075841,6.606650186,7.020190708,7.392647521,7.33628566,6.510258341,6.776506992,6.66949809,6.447305863,6.90475077,6.295266001,6.637258031,7.083387848,6.475432717,5.877735782,6.517671273,6.104793232,6.380122537,6.222576268,5.891644212,6.242223265,6.304448802,NA,6.72982407,7.021976423,6.887552572,7.021976423,7.264730178,6.133398043,6.633318433,NA,NA,NA,NA,259.9433717
256.5926167,866.349252,6.744059186,NA,NA,6.280395839,NA,6.97354302,6.300785795,7.102499356,7.424761762,7.527255919,6.982862751,7.257002707,NA,5.755742214,5.707110265,5.723585102,4.276666119,6.02827852,7.026426809,6.617402978,5.905361848,6.520621128,5.541263545,6.238324625,6.656726524,6.630683386,7.527255919,6.49375384,6.520621128,5.438079309,6.878326468,7.222566019,6.834108739,5.575949103,5.513428746,6.618738984,6.577861358,6.08221891,6.523562306,6.257667588,6.866933284,6.587550015,6.401917197,5.96870756,257.1106059
1554.776444,612.7443168,NA,NA,NA,6.418364936,7.049254841,6.186208624,5.780743516,6.527957918,5.746203191,6.643789733,4.317488114,6.450470422,6.599870499,6.535241271,5.869296913,7.211556733,6.126869184,5.159055299,5.062595033,5.65248918,6.396929655,5.402677382,6.242223265,6.647688374,6.84694314,6.517671273,6.423246964,6.510258341,6.575075841,6.666956792,6.483107351,6.535241271,5.298317367,6.180016654,7.189922171,6.473890696,6.759255271,6.206575927,5.953243334,6.955592608,5.777652323,6.190315406,6.663132696,5.575949103,255.8093386
2697.387766,1112.132708,NA,NA,NA,5.739792912,6.610696045,7.090076836,6.807934944,7.063903961,5.855071922,6.663132696,6.261491684,6.796823718,6.961296046,7.221105098,6.939253946,6.975413927,6.896694332,7.161622003,6.689599269,6.588926478,5.796057751,6.12249281,6.490723535,6.633318433,6.717804695,6.759255271,6.568077911,7.460490306,6.624065228,NA,NA,NA,7.296413269,6.624065228,7.046647278,6.6147256,7.389563954,7.082548569,5.690359454,6.796823718,6.924612396,6.514712691,6.928537818,7.056175284,255.460307
2680.889423,829.9428335,NA,NA,NA,NA,NA,NA,6.56526497,7.151485464,6.242223265,7.400620577,6.340359304,6.606650186,6.276643489,6.762729507,7.268223021,6.620073207,6.720220155,6.267200549,6.144185634,6.33150185,6.063785209,6.251903883,6.91671502,6.759255271,6.498282149,6.860663671,6.787844982,7.118826249,6.800170068,6.510258341,6.744059186,7.055312843,7.577633833,6.762729507,5.834810737,6.723832441,7.257707677,7.184629153,5.680172609,7.415776975,7.502738211,6.232448017,6.865891075,6.192362489,254.2951908
1710.524328,430.2746187,NA,NA,NA,7.137278437,6.100318952,6.886531643,6.385194399,6.063785209,7.059617628,7.239214974,6.467698726,6.021023349,7.248504072,6.510258341,4.682131227,6.88857246,7.427738841,6.463029457,5.81711116,6.354370041,6.354370041,6.597145702,NA,6.765038977,6.914730893,6.354370041,NA,NA,6.71417053,6.285998095,6.368187186,7.063903961,6.651571874,6.972606251,6.09356977,6.90475077,6.827629235,7.397561536,6.251903883,6.405228458,6.216606101,6.882437471,6.680854679,6.315358002,249.7703724
1974.029126,656.5410473,NA,NA,NA,NA,NA,5.983936281,6.683360946,6.50578406,6.744059186,7.297768283,5.877735782,6.192362489,7.260522598,6.606650186,5.627621114,6.423246964,6.340359304,6.008813185,5.308267697,6.159095388,5.187385806,6.624065228,7.264030143,6.987490247,6.978213743,6.192362489,6.985641818,7.001245622,6.939253946,6.148468296,6.295266001,7.003974137,NA,6.486160789,6.386879319,7.229838778,7.180831199,6.726233402,6.154858094,6.499787041,6.559615237,6.732210706,6.7310181,6.693323668,248.0077373
2101.510927,1027.818084,6.620073207,6.860663671,7.239214974,7.323170718,7.644440762,7.31986493,6.431331082,7.143617603,6.501289671,7.026426809,6.406879986,6.82437367,7.391415235,7.307872781,7.259116128,7.198183577,6.701960366,6.525029658,6.999422468,7.074963198,6.553933404,7.044905117,6.520621128,6.165417854,6.97354302,7.207859871,6.753437919,6.673297968,6.849066283,NA,6.593044534,5.65248918,6.999422468,7.207859871,7.138073034,6.839476438,6.814542897,NA,NA,NA,NA,NA,NA,NA,247.7863015
2431.464254,919.1760742,NA,NA,NA,NA,NA,NA,6.992096427,7.141245122,NA,7.417580402,6.388561406,7.118826249,7.444248649,NA,7.443078374,6.932447892,7.123672785,6.891625897,5.840641657,7.173191742,6.791221463,6.242223265,6.679599186,6.478509642,6.568077911,6.426488457,6.047372179,6.886531643,6.104793232,6.415096959,6.546785411,7.077498054,7.301822342,6.991176887,6.525029658,6.693323668,7.33628566,7.090909822,6.66440902,6.710523109,7.271703707,7.13009851,7.362010551,6.855408799,246.1041157
2657.574793,726.5853108,6.553933404,5.365976015,7.200424893,6.66949809,6.50578406,6.9902565,6.371611847,6.811244379,6.035481433,7.547501683,6.613384218,6.586171655,6.371611847,6.553933404,7.771910256,6.891625897,6.852242569,5.958424693,6.720220155,6.459904454,5.634789603,6.359573869,6.698268054,6.818924065,6.251903883,6.91968385,5.786897381,7.43838353,7.44775128,6.84694314,6.770789424,6.261491684,7.620705087,6.519147288,5.942799375,6.357842267,NA,NA,NA,NA,NA,NA,NA,6.448889394,244.9559246
1779.741348,268.551399,7.359467638,6.762729507,6.613384218,NA,6.12249281,6.553933404,6.741700695,NA,5.521460918,6.520621128,5.267858159,5.560681631,7.255591274,7.242797923,6.075346031,6.726233402,6.82437367,6.921658184,6.447305863,6.212606096,5.746203191,6.434546519,7.026426809,7.35436233,6.854354502,6.251903883,6.551080335,6.586171655,6.56526497,6.927557906,6.852242569,6.345636361,6.796823718,6.378426184,6.703188113,6.896694332,7.311218384,7.167037877,6.226536669,NA,NA,NA,NA,NA,243.7059189
1560.280365,791.4644634,5.932245187,5.811140993,7.094234846,6.439350371,6.787844982,6.431331082,7.077498054,6.368187186,6.603943825,7.221105098,5.634789603,6.630683386,7.554334824,6.406879986,6.50578406,7.059617628,7.163172391,6.380122537,6.779921907,NA,5.826000107,7.259116128,7.077498054,NA,6.599870499,6.063785209,5.755742214,6.380122537,NA,NA,NA,NA,NA,6.812345094,7.312553498,6.84694314,7.286876412,5.749392986,6.22059017,7.057036982,6.142037406,6.665683718,6.391917113,6.216606101,243.5463053
1848.61532,943.7299391,NA,NA,NA,NA,NA,NA,NA,6.535241271,NA,7.053585727,6.56526497,6.33150185,7.389563954,6.896694332,6.396929655,7.545918151,6.527957918,5.598421959,7.033506484,7.026426809,5.891644212,6.91671502,6.406879986,6.953684211,7.030857476,7.01571242,6.679599186,6.765038977,6.88857246,7.145196135,6.84694314,6.610696045,7.143617603,6.647688374,7.221835825,6.440946541,6.801283034,6.855408799,6.00635316,7.018401799,6.787844982,6.701960366,6.859614904,6.898714534,243.4362223
1561.021596,618.9600806,NA,6.689599269,6.542471961,6.599870499,6.854354502,6.418364936,6.401917197,6.708084084,6.171700597,6.992096427,4.553876892,6.542471961,6.741700695,6.675823222,6.070737728,7.133295955,6.232448017,5.609471795,5.802118375,5.572154032,6.251903883,5.225746674,6.689599269,6.685860947,6.9117473,6.513230111,6.104793232,6.66057515,6.470799504,6.685860947,6.50578406,6.643789733,5.648974238,6.587550015,7.189167738,6.64509097,6.86171134,6.033086222,6.056784013,NA,NA,NA,NA,NA,242.6846135
2475.205715,985.2106739,NA,NA,NA,NA,NA,NA,6.836259277,7.03966035,6.063785209,6.932447892,6.862757913,6.520621128,7.207859871,7.090076836,7.005789019,6.695798917,6.843749949,NA,6.021023349,NA,5.521460918,6.376726948,6.9117473,6.956545443,5.983936281,6.613384218,6.371611847,6.723832441,6.003887067,5.958424693,6.490723535,6.82437367,7.07834158,6.921658184,7.080867897,6.65544035,7.069023427,7.248504072,5.579729826,6.624065228,6.816735881,6.867974409,7.141245122,7.403061091,240.3431311
2402.459797,783.4379653,NA,NA,NA,NA,NA,NA,6.439350371,6.929516771,6.582025139,7.444248649,6.896694332,6.802394763,6.953684211,6.785587645,6.698268054,7.077498054,NA,NA,NA,6.572282543,6.663132696,6.56526497,7.163172391,6.613384218,7.192182059,6.483107351,6.738152495,7.26961675,6.807934944,6.695798917,6.749931194,6.588926478,7.434257382,7.025538315,6.751101469,6.532334292,6.924612396,6.786716951,6.551080335,7.01571242,6.378426184,6.829793738,7.153051635,6.837332815,238.9321129
1882.040827,920.188234,6.447305863,6.66057515,6.575075841,6.32256524,7.832410927,6.951772164,7.143617603,6.593044534,6.385194399,7.26612878,6.610696045,6.527957918,7.264030143,7.050989447,7.114769448,7.427738841,6.633318433,6.572282543,6.656726524,6.886531643,6.17586727,6.467698726,6.762729507,7.24636808,7.141245122,7.307872781,6.901737207,6.883462586,NA,NA,6.66057515,6.692083743,7.28276118,6.673297968,6.994849986,NA,NA,7.03966035,5.459585514,NA,NA,NA,NA,NA,238.6125267
2978.766037,1076.638707,6.717804695,6.01615716,6.836259277,6.410174882,5.966146739,5.590986981,6.08221891,6.553933404,5.402677382,5.365976015,6.261491684,6.350885717,4.17438727,6.836259277,7.221105098,6.186208624,6.782192056,6.802394763,5.869296913,6.285998095,6.133398043,6.418364936,6.535241271,6.944087208,6.65415252,5.891644212,5.780743516,6.513230111,6.65415252,4.584967479,5.863631176,5.713732806,6.333279628,6.59441346,5.59471138,6.568077911,7.13089883,6.873163834,NA,NA,NA,NA,NA,NA,236.4944458
1333.395531,988.9093195,5.690359454,NA,NA,5.521460918,6.483107351,7.110696123,NA,7.017506143,6.871091295,6.450470422,5.267858159,6.796823718,NA,7.222566019,NA,6.206575927,6.818924065,6.276643489,6.238324625,7.255591274,6.442540166,6.008813185,6.371611847,7.049254841,6.470799504,6.459904454,7.347943823,6.222576268,6.9902565,6.309918278,6.242223265,7.03966035,6.845879875,6.993932975,6.51174533,6.658011046,6.429719478,NA,5.379897354,7.430707083,NA,6.304448802,NA,6.642486801,235.3803302
2160.476675,626.4022623,NA,NA,NA,NA,NA,NA,NA,NA,6.710523109,7.06646697,5.560681631,5.996452089,6.794586581,6.363028104,6.956545443,6.232448017,7.102499356,6.483107351,5.634789603,5.356586275,4.605170186,6.49375384,6.857514063,6.470799504,7.395721609,5.945420609,6.542471961,7.327780538,6.90475077,6.603943825,6.17586727,6.613384218,6.502790046,7.229113878,5.459585514,6.523562306,7.46221494,6.875232087,5.998936562,5.899897354,7.060476366,7.152268856,7.147559271,7.632401127,235.1383312
2008.381299,763.2907669,NA,NA,NA,NA,NA,NA,NA,NA,NA,6.929516771,6.924612396,6.401917197,7.026426809,6.774223886,6.588926478,6.871091295,6.630683386,6.385194399,6.202535517,6.040254711,5.241747015,6.385194399,7.143617603,7.157735484,6.610696045,6.689599269,6.84694314,7.053585727,7.492203043,7.409741954,6.527957918,6.82437367,6.914730893,6.599870499,6.712956201,7.00033446,7.054449658,6.91671502,6.09356977,6.732210706,6.304448802,7.286876412,6.949856455,6.390240667,235.1150377
2712.88948,856.1675598,NA,NA,6.040254711,NA,NA,NA,NA,NA,NA,7.389563954,6.939253946,6.841615476,6.572282543,6.624065228,7.114769448,7.01571242,6.735780014,6.64118217,6.717804695,6.267200549,6.371611847,6.021023349,7.046647278,6.704414355,6.450470422,6.992096427,6.723832441,7.098375639,6.242223265,6.104793232,6.251903883,6.159095388,7.629489916,6.561030666,6.152732695,6.552507887,7.090909822,6.892641641,5.659482216,7.180069874,7.242082359,NA,6.882437471,5.579729826,232.4890871
2601.765155,849.6239365,6.226536669,6.741700695,6.891625897,6.222576268,6.380122537,7.170888479,6.226536669,6.927557906,NA,7.237059026,6.318968114,6.643789733,6.212606096,6.899723107,6.876264612,5.932245187,6.666956792,6.539585956,6.285998095,6.603943825,5.932245187,NA,NA,NA,NA,6.633318433,6.021023349,7.467942332,NA,NA,6.679599186,NA,7.814803429,6.782192056,5.988961417,6.905753276,6.900730664,6.883462586,5.602118821,7.443663683,7.044905117,6.34738921,7.018401799,NA,232.4711962
2773.466112,707.7811144,7.496652438,5.509388337,7.094234846,7.070724107,6.593044534,6.685860947,5.746203191,6.410174882,6.376726948,7.43543802,5.811140993,6.953684211,5.697093487,6.568077911,7.605890001,NA,7.133295955,6.66057515,5.945420609,6.854354502,5.609471795,6.470799504,6.406879986,7.463363046,7.062191632,6.64118217,5.811140993,7.030857476,7.329749689,6.426488457,6.159095388,6.455198563,6.952728645,7.016609684,NA,NA,NA,NA,NA,NA,NA,NA,7.037905963,6.573680167,232.0953242
2312.14323,1077.435212,6.906754779,6.558197803,6.774223886,7.183111702,7.46221494,7.479299638,6.276643489,7.204149292,6.385194399,6.689599269,6.212606096,6.71417053,7.109062136,7.497761701,7.288927695,6.643789733,7.159291905,6.811244379,6.447305863,7.341483852,6.439350371,6.756932389,6.56526497,6.561030666,6.475432717,6.633318433,6.685860947,7.556950572,6.610696045,6.434546519,6.478509642,6.251903883,7.03966035,7.249215057,NA,NA,NA,NA,NA,NA,NA,NA,NA,NA,231.8837056
1664.696205,726.6466106,NA,NA,NA,NA,NA,NA,NA,NA,NA,7.059617628,5.826000107,5.910796644,7.31986493,6.363028104,6.843749949,7.344719054,7.542213463,6.267200549,6.202535517,6.447305863,6.212606096,6.154858094,6.894670039,7.167037877,6.970730078,6.854354502,6.003887067,7.017506143,6.741700695,6.753437919,6.313548046,6.09356977,6.616065185,6.583409222,6.674561392,6.469250317,7.023758955,6.473890696,5.953243334,7.484930283,6.042632834,6.836259277,6.368187186,5.908082938,230.7392098
1665.723003,461.6181698,6.683360946,6.059123196,6.100318952,6.64118217,6.906754779,7.44132039,6.510258341,5.609471795,NA,6.91671502,6.313548046,6.206575927,6.9117473,6.257667588,4.343805422,6.49375384,6.586171655,5.730099783,5.713732806,5.796057751,5.996452089,5.459585514,7.113142109,6.455198563,7.260522598,5.796057751,6.841615476,6.606650186,6.663132696,6.779921907,6.238324625,6.666956792,6.045005314,6.624065228,6.84694314,7.069023427,6.909753282,NA,NA,NA,NA,NA,NA,NA,230.5940164
2424.937369,1078.047387,NA,NA,NA,NA,NA,NA,NA,7.13169851,6.586171655,7.216709487,6.776506992,6.336825731,7.133295955,7.057897937,7.414572881,6.442540166,NA,NA,5.66296048,6.921658184,6.257667588,6.359573869,6.624065228,6.732210706,6.753437919,6.9117473,6.08221891,7.248504072,6.280395839,6.242223265,NA,6.510258341,7.773594467,6.920671504,6.953684211,6.857514063,7.23417718,6.968850378,6.047372179,6.529418838,6.646390515,7.153833802,7.008505182,7.03438793,229.8115413
1630.146624,548.5473956,6.985641818,5.937536205,6.196444128,5.840641657,6.56526497,6.206575927,6.371611847,6.854354502,5.765191103,6.944087208,5.342334252,6.66949809,6.841615476,6.650279049,NA,6.883462586,6.483107351,5.645446898,NA,6.415096959,6.350885717,5.187385806,7.106606138,6.617402978,6.857514063,6.070737728,6.630683386,6.418364936,6.396929655,6.49375384,6.104793232,7.035268599,5.811140993,6.796823718,NA,6.91770561,6.184148891,5.783825182,5.347107531,NA,NA,NA,NA,NA,228.709268
1586.938458,955.5221069,NA,NA,NA,NA,NA,NA,NA,NA,NA,NA,5.214935758,6.833031733,7.313220387,6.620073207,5.379897354,6.486160789,6.914730893,5.996452089,6.852242569,7.005789019,6.637258031,6.17586727,6.785587645,7.502186487,7.005789019,7.062191632,6.741700695,7.008505182,7.020190708,6.959398512,6.710523109,6.159095388,6.927557906,7.180069874,7.237059026,5.552959585,6.850126166,6.539585956,6.51174533,7.678788998,6.089044875,6.502790046,6.794586581,6.439350371,226.6884922
2831.226826,862.8593311,6.978213743,5.579729826,7.35436233,6.999422468,6.431331082,6.82437367,6.483107351,6.685860947,6.133398043,7.157735484,6.021023349,6.630683386,6.368187186,6.779921907,7.153833802,6.551080335,6.953684211,NA,6.542471961,6.603943825,5.590986981,6.8134446,NA,7.40671073,6.663132696,6.854354502,5.690359454,7.155396302,6.894670039,6.08221891,6.327936784,7.091742115,7.232010332,6.81014245,6.34738921,7.048386409,NA,NA,NA,NA,NA,NA,NA,NA,226.2412464
1797.392995,847.4694653,NA,NA,NA,NA,NA,NA,NA,6.363028104,6.165417854,7.205635176,6.791221463,7.01571242,7.359467638,6.685860947,6.470799504,7.414572881,6.88857246,NA,6.406879986,NA,6.371611847,7.507690078,NA,7.096721378,6.896694332,7.372118028,6.599870499,6.894670039,7.472500745,6.774223886,6.951772164,6.630683386,6.882437471,6.93439721,7.096721378,6.411818268,NA,7.190676034,6.228511004,7.319202459,6.575075841,6.401917197,6.746412129,6.591673732,225.7145675
2061.789947,550.9601515,6.455198563,6.115892125,7.044905117,6.867974409,6.388561406,5.863631176,7.020190708,5.840641657,6.086774727,6.88857246,5.645446898,6.624065228,6.768493212,6.318968114,6.192362489,6.313548046,6.735780014,NA,6.447305863,5.831882477,4.770684624,6.572282543,7.175489714,7.030857476,6.93439721,6.535241271,6.553933404,6.948897222,6.65415252,6.396929655,6.300785795,6.8134446,5.92157842,6.814542897,5.855071922,6.368187186,NA,NA,NA,NA,NA,NA,NA,NA,225.0966711
2402.506283,1205.05882,NA,NA,NA,NA,NA,NA,NA,NA,NA,NA,5.786897381,6.553933404,7.275172319,7.096721378,7.451822237,6.827629235,7.280008253,7.059617628,6.575075841,7.037905963,6.159095388,5.81711116,6.340359304,7.077498054,6.003887067,7.020190708,6.021023349,6.932447892,6.579251212,NA,6.423246964,6.816735881,6.859614904,6.923628628,7.031741259,6.836259277,7.375255778,7.221105098,5.958424693,6.514712691,6.97634807,6.867974409,6.599870499,6.957497371,222.2580633
1230.956633,905.2328998,6.830874235,NA,NA,NA,NA,7.087573706,NA,6.71417053,6.65415252,6.285998095,5.739792912,6.455198563,6.914730893,7.070724107,6.535241271,5.863631176,5.645446898,5.953243334,7.224753406,7.125283092,6.968850378,6.32256524,6.782192056,6.927557906,6.313548046,6.423246964,6.003887067,6.206575927,6.968850378,6.82437367,7.151485464,7.424761762,6.910750788,6.587550015,6.244166901,6.527957918,6.91671502,6.628041376,NA,NA,NA,NA,NA,NA,218.2338916
2767.490249,1217.059954,6.630683386,6.212606096,6.418364936,NA,NA,5.697093487,NA,7.096721378,6.144185634,6.738152495,NA,6.970730078,7.151485464,6.656726524,7.36707706,6.350885717,6.738152495,6.579251212,6.791221463,NA,6.650279049,NA,6.88857246,6.289715571,6.232448017,6.71417053,6.206575927,6.906754779,6.363028104,5.937536205,NA,6.186208624,7.117205503,6.107022888,6.49375384,7.077498054,7.218909708,6.894670039,6.200509174,6.693323668,NA,NA,NA,NA,217.7215196
3321.784168,1317.078495,NA,NA,NA,NA,NA,NA,NA,NA,NA,NA,NA,NA,6.513230111,6.992096427,6.295266001,6.932447892,6.732210706,6.617402978,6.561030666,7.085901464,6.899723107,6.8134446,5.937536205,7.454719949,6.33150185,7.129297549,6.501289671,6.946975992,7.003974137,5.509388337,6.040254711,6.144185634,6.37502482,6.862757913,6.047372179,7.317876199,7.112327445,6.902742737,7.107425474,7.145984468,7.395107547,6.523562306,6.244166901,7.359467638,214.8356936
3164.613221,1136.460766,NA,NA,NA,NA,NA,NA,NA,NA,NA,NA,NA,7.037905963,6.171700597,7.205635176,6.924612396,6.759255271,7.01301579,7.451822237,6.498282149,7.33171497,6.558197803,7.017506143,6.71417053,7.576609767,6.65415252,6.985641818,6.318968114,7.307872781,6.881411304,5.438079309,6.035481433,5.983936281,7.496652438,7.196686571,6.792344427,7.199678346,7.080867897,7.585788822,NA,7.077498054,7.700295203,7.198183577,7.150701458,NA,214.3446691
1711.676184,241.5859332,NA,NA,NA,NA,5.869296913,NA,NA,NA,NA,NA,NA,NA,NA,7.21303166,5.905361848,7.01301579,7.205635176,7.091742115,5.468060141,6.171700597,6.052089169,6.827629235,7.465082736,7.188412736,6.501289671,6.753437919,6.11146734,6.401917197,7.159291905,6.873163834,6.833031733,6.932447892,6.794586581,6.177944114,6.270988432,6.949856455,7.542213463,7.224753406,6.616065185,7.403061091,6.621405652,6.884486652,6.599870499,5.081404365,213.2037415
1011.124781,822.5543493,6.216606101,7.01571242,7.46221494,6.561030666,6.732210706,7.292337176,6.939253946,6.723832441,6.606650186,6.579251212,5.846438775,6.232448017,6.802394763,6.442540166,5.932245187,6.582025139,5.891644212,6.267200549,7.177018766,7.081708586,6.257667588,6.300785795,6.774223886,7.363913501,6.575075841,6.770789424,6.749931194,6.467698726,6.717804695,6.401917197,6.843749949,7.003974137,NA,NA,NA,NA,NA,NA,NA,NA,NA,NA,NA,NA,212.6122959
2050.951731,655.1989592,NA,NA,NA,NA,NA,NA,NA,6.66057515,6.359573869,6.822197391,5.771441123,6.385194399,7.412764017,6.470799504,6.154858094,6.50578406,6.796823718,6.982862751,5.958424693,6.047372179,5.978885765,6.624065228,7.169350017,7.139660336,6.513230111,5.634789603,6.689599269,7.443078374,7.010311867,6.340359304,6.202535517,7.153833802,6.508769137,6.532334292,6.887552572,6.639875834,7.349230825,6.695798917,6.698268054,NA,NA,NA,NA,NA,211.5401998
1407.686675,659.2754563,5.645446898,6.741700695,6.542471961,6.270988432,7.377133713,NA,NA,NA,NA,NA,NA,NA,NA,NA,NA,NA,NA,5.438079309,6.251903883,6.553933404,6.802394763,6.336825731,6.610696045,6.867974409,7.710205194,6.426488457,6.579251212,5.713732806,6.426488457,6.959398512,6.88857246,6.115892125,6.693323668,6.988413182,7.148345744,7.029972912,7.326465614,6.499787041,6.357842267,6.979145275,6.202535517,7.260522598,6.440946541,4.634728988,209.8216078
3567.996685,1352.329417,NA,NA,NA,NA,NA,NA,NA,NA,NA,NA,NA,NA,5.918893854,6.735780014,6.376726948,6.226536669,6.212606096,6.717804695,6.88857246,6.133398043,6.620073207,6.359573869,5.356586275,7.341483852,5.723585102,6.410174882,6.558197803,6.486160789,6.93439721,6.406879986,5.308267697,6.871091295,6.21860012,5.950642553,5.541263545,6.882437471,7.224753406,6.64898455,6.263398263,7.003974137,6.705639095,6.285998095,5.926926026,7.524561226,205.7639692
487.3604313,862.3229878,NA,NA,NA,NA,NA,NA,NA,NA,NA,NA,NA,6.708084084,7.228388452,6.371611847,7.087573706,5.910796644,4.49980967,6.008813185,NA,7.037905963,6.568077911,6.768493212,5.983936281,6.914730893,6.040254711,6.222576268,6.838405201,6.597145702,6.385194399,5.049856007,7.517520851,7.562161631,6.747586527,NA,5.641907071,6.386879319,7.189167738,6.816735881,6.940222469,7.297768283,6.816735881,6.855408799,6.461468176,5.673323267,202.12854
313.7687745,952.5050198,NA,NA,NA,NA,NA,NA,NA,NA,NA,NA,NA,NA,NA,6.232448017,6.144185634,6.059123196,4.744932128,6.376726948,7.196686571,6.741700695,6.431331082,6.572282543,6.126869184,6.212606096,6.794586581,6.385194399,7.684783944,6.818924065,7.017506143,5.365976015,6.796823718,7.255591274,6.628041376,6.018593214,6.431331082,6.298949247,6.900730664,6.350885717,6.910750788,6.744059186,6.458338283,6.390240667,6.405228458,5.262690189,199.7581171
258.2408701,910.4565689,6.865891075,6.12249281,7.34601021,6.182084907,6.340359304,NA,NA,NA,NA,NA,NA,NA,6.82437367,NA,NA,NA,4.605170186,6.040254711,NA,NA,NA,6.663132696,5.918893854,6.439350371,6.88857246,6.647688374,7.391415235,6.599870499,6.486160789,5.416100402,6.434546519,7.229838778,6.811244379,6.37331979,5.455321115,6.601230119,6.913737351,6.431331082,6.817830571,6.593044534,6.86171134,6.124683391,6.59441346,5.081404365,199.1014783
2500.559581,1202.811486,NA,NA,NA,5.910796644,7.543273347,7.582738489,5.560681631,7.184629153,6.327936784,NA,NA,NA,NA,NA,NA,NA,NA,NA,NA,NA,6.376726948,6.527957918,6.075346031,6.753437919,5.953243334,6.90475077,5.609471795,7.098375639,6.475432717,5.81711116,6.620073207,5.991464547,7.041411664,6.612041035,6.936342736,6.717804695,7.503840747,6.956545443,5.926926026,6.66057515,6.70930434,7.119635638,6.883462586,7.016609684,198.3979478
2911.338606,750.7903372,NA,NA,NA,NA,NA,NA,NA,NA,6.597145702,NA,NA,NA,NA,NA,NA,NA,6.65415252,6.891625897,6.396929655,6.66057515,6.857514063,6.318968114,6.455198563,7.091742115,6.126869184,6.867974409,6.021023349,7.183111702,7.363913501,7.005789019,6.527957918,6.385194399,7.502186487,6.831953566,6.489204931,6.971668605,7.221835825,6.827629235,6.282266747,6.682108597,8.029432841,6.818924065,6.882437471,6.779921907,196.7252555
2525.503292,987.4612323,NA,NA,NA,NA,NA,7.567345676,6.732210706,7.285506549,6.242223265,7.434257382,6.11146734,6.886531643,NA,7.36264527,7.323170718,6.483107351,6.762729507,7.151485464,6.345636361,6.64118217,5.645446898,6.483107351,6.597145702,6.871091295,6.532334292,6.650279049,6.148468296,6.741700695,6.470799504,6.852242569,6.467698726,6.517671273,6.962243464,6.688354714,6.828712072,NA,NA,NA,NA,NA,NA,NA,NA,NA,194.7867953
2685.884973,1007.31329,NA,NA,NA,NA,NA,NA,NA,NA,NA,NA,NA,6.698268054,6.520621128,NA,NA,7.472500745,6.385194399,6.340359304,NA,6.93439721,6.100318952,6.701960366,6.267200549,6.501289671,6.633318433,6.932447892,6.133398043,7.580189418,6.196444128,6.285998095,7.059617628,6.295266001,7.616283562,6.675823222,6.575075841,6.186208624,7.072421901,7.273092596,6.270988432,7.472500745,7.183870715,6.364750757,6.626717749,NA,194.3565242
1167.951701,905.5215934,6.216606101,5.66296048,7.288927695,6.423246964,6.222576268,7.003974137,6.975413927,7.035268599,7.055312843,6.603943825,6.701960366,6.862757913,7.302496424,7.177018766,5.918893854,5.932245187,5.796057751,6.924612396,NA,7.476472381,6.854354502,5.918893854,7.020190708,7.389563954,6.380122537,6.01615716,6.003887067,6.196444128,7.192182059,7.237059026,NA,NA,NA,NA,NA,NA,NA,NA,NA,NA,NA,NA,NA,NA,192.7896009
2131.280092,977.2945535,6.617402978,6.624065228,7.13169851,6.64118217,7.240649694,7.153833802,6.650279049,7.446001498,6.64118217,7.607381426,6.785587645,7.087573706,7.421775794,6.953684211,6.768493212,6.753437919,6.701960366,6.159095388,6.586171655,7.169350017,6.517671273,6.906754779,6.720220155,6.617402978,6.606650186,6.927557906,7.049254841,6.891625897,NA,NA,NA,NA,NA,NA,NA,NA,NA,NA,NA,NA,NA,NA,NA,NA,192.3779445
1733.791533,1010.282022,NA,NA,NA,NA,NA,NA,NA,6.865891075,5.97126184,7.001245622,6.063785209,6.613384218,7.999678579,6.807934944,6.620073207,7.424761762,6.633318433,6.063785209,7.327780538,7.504942068,6.09356977,6.782192056,6.964135612,6.459904454,6.921658184,7.090076836,6.527957918,6.637258031,6.401917197,6.617402978,NA,6.72982407,6.980075941,NA,NA,NA,NA,NA,NA,7.156956365,NA,6.555356892,6.827629235,NA,189.6437582
1817.921407,900.2435539,5.953243334,5.826000107,6.539585956,6.100318952,7.304515946,6.698268054,7.215239979,6.698268054,6.363028104,7.372118028,6.450470422,6.542471961,7.397561536,7.037905963,7.125283092,7.622174595,NA,6.336825731,6.91671502,7.055312843,5.802118375,6.894670039,6.948897222,7.175489714,7.106606138,7.055312843,6.811244379,6.517671273,NA,NA,6.726233402,NA,NA,NA,NA,NA,NA,NA,NA,NA,NA,NA,NA,NA,189.5935511
1518.726675,902.2556516,6.359573869,6.927557906,6.878326468,6.396929655,6.561030666,7.161622003,6.606650186,6.91671502,6.873163834,6.525029658,5.802118375,5.877735782,7.173191742,6.442540166,5.187385806,6.206575927,7.283448229,5.771441123,6.597145702,7.205635176,5.840641657,5.932245187,6.800170068,7.01571242,6.862757913,6.423246964,6.09356977,6.431331082,6.961296046,NA,NA,NA,NA,NA,NA,NA,NA,NA,NA,NA,NA,NA,NA,NA,189.1147884
436.630669,926.2954979,NA,NA,NA,NA,NA,NA,NA,NA,NA,NA,NA,NA,NA,NA,NA,6.510258341,4.875197323,5.826000107,6.978213743,7.06646697,6.467698726,5.897153868,5.713732806,6.630683386,6.633318433,6.558197803,6.606650186,6.070737728,6.692083743,5.598421959,6.776506992,7.216709487,7.201170883,5.857933154,6.447305863,6.588926478,7.217443432,6.289715571,7.134890852,7.089243155,6.65544035,6.613384218,6.466144724,6.196444128,187.8760744
666.0276586,1089.647189,NA,NA,6.575075841,6.572282543,5.869296913,6.994849986,NA,NA,NA,NA,NA,NA,NA,NA,NA,NA,NA,NA,NA,6.582025139,6.579251212,6.807934944,6.350885717,6.964135612,7.073269717,6.313548046,6.932447892,6.401917197,7.017506143,6.33150185,7.288927695,6.285998095,7.200424893,7.142827401,5.749392986,NA,6.91770561,6.941190055,6.869014451,7.192182059,7.440146681,6.745236349,5.831882477,6.663132696,187.6339902
3344.154407,1412.746377,NA,NA,NA,NA,NA,NA,NA,NA,NA,NA,NA,6.876264612,6.423246964,6.756932389,6.086774727,6.212606096,6.568077911,6.579251212,6.206575927,7.050989447,6.816735881,NA,5.257495372,7.424761762,6.396929655,6.196444128,6.765038977,6.785587645,7.339537695,5.634789603,6.126869184,6.883462586,6.222576268,7.001245622,5.627621114,7.111512116,7.17472431,NA,7.122866659,7.44132039,7.317876199,NA,NA,NA,185.4081145
3045.63286,870.672003,NA,NA,NA,NA,NA,NA,NA,NA,NA,NA,NA,NA,NA,NA,NA,6.891625897,6.385194399,6.406879986,6.64118217,NA,6.717804695,6.679599186,6.08221891,6.498282149,6.833031733,7.074963198,6.726233402,7.209340257,7.081708586,6.525029658,6.704414355,6.630683386,7.353081921,6.602587892,6.529418838,6.391917113,6.975413927,7.232010332,6.516193076,NA,7.734558844,7.651120176,7.079184395,7.291656209,184.4453347
2327.905116,706.4217531,NA,NA,NA,NA,NA,NA,NA,NA,NA,NA,NA,NA,NA,NA,NA,NA,NA,6.927557906,5.953243334,6.242223265,6.216606101,7.049254841,6.689599269,6.546785411,7.139660336,6.827629235,6.450470422,7.237059026,7.198183577,7.446001498,6.579251212,7.127693699,7.249215057,7.218909708,6.651571874,6.725033642,7.006695227,7.340835554,5.863631176,6.753437919,7.121252453,6.953684211,7.006695227,6.6147256,184.1369068
1800.574501,591.6165224,NA,NA,NA,NA,NA,NA,NA,NA,NA,NA,NA,NA,NA,NA,NA,NA,6.393590754,6.100318952,5.680172609,5.66296048,6.251903883,6.380122537,7.276556403,6.953684211,6.90475077,6.816735881,6.624065228,6.685860947,7.764720545,6.216606101,6.270988432,6.726233402,6.428105273,6.785587645,6.267200549,7.224024808,6.800170068,7.149916836,5.96100534,6.708084084,6.635946556,7.065613364,6.473890696,5.897153868,184.1059702
2588.873812,1034.784258,NA,NA,NA,NA,NA,NA,6.32256524,7.427738841,6.115892125,NA,NA,NA,NA,NA,NA,NA,NA,NA,NA,6.97354302,6.276643489,6.423246964,6.501289671,6.192362489,6.782192056,6.770789424,6.202535517,7.127693699,6.593044534,6.340359304,5.983936281,NA,7.322510434,7.014814351,6.473890696,6.200509174,7.177782416,7.176254532,6.171700597,7.659171368,7.168579897,6.684611728,6.941190055,6.672032945,180.6968808
2380.769943,737.9450158,NA,NA,NA,NA,NA,NA,NA,NA,NA,NA,NA,NA,NA,NA,NA,NA,NA,NA,6.599870499,6.354370041,6.551080335,7.074963198,7.368970402,6.568077911,7.165493475,6.776506992,6.532334292,6.84694314,7.13169851,7.046647278,6.532334292,7.180831199,7.331060305,7.298445102,6.670766321,6.597145702,7.178545484,7.138073034,6.549650742,7.03966035,7.063903961,6.906754779,7.207118856,6.93439721,179.6456434
2296.98793,1018.196987,NA,NA,NA,NA,NA,NA,NA,NA,NA,NA,NA,NA,NA,NA,NA,NA,NA,NA,6.65415252,NA,6.946975992,7.444248649,7.050989447,6.800170068,6.970730078,7.33628566,6.818924065,7.273092596,6.822197391,6.871091295,6.878326468,6.852242569,7.51479976,7.58781722,7.122059882,7.218909708,7.43838353,7.275172319,6.721425701,6.93439721,7.25981961,7.444248649,7.231287004,7.137278437,177.6050258
2919.402108,813.6571511,NA,NA,NA,NA,NA,NA,NA,NA,NA,NA,NA,NA,NA,NA,NA,NA,6.807934944,6.242223265,6.597145702,6.708084084,6.165417854,6.289715571,6.133398043,6.838405201,6.086774727,6.159095388,6.075346031,6.924612396,7.229838778,6.186208624,5.598421959,5.826000107,7.013915475,7.071573364,5.993961427,NA,7.095893221,7.005789019,6.142037406,6.771935556,7.772752716,6.774223886,6.774223886,6.395261598,176.6801902
2383.07702,882.2660311,6.137727054,6.345636361,6.791221463,6.126869184,6.620073207,7.34601021,7.02464903,7.18690102,5.771441123,7.482118924,6.327936784,7.215239979,7.482118924,7.424761762,7.378383713,6.56526497,7.292337176,6.830874235,6.202535517,NA,6.782192056,6.359573869,6.807934944,6.490723535,6.695798917,NA,NA,NA,NA,NA,NA,NA,NA,NA,NA,NA,NA,NA,NA,NA,NA,NA,7.019296654,6.727431725,176.4350523
2708.785144,1054.292097,6.318968114,5.590986981,6.776506992,6.12249281,7.317876199,6.899723107,6.447305863,7.351158226,5.609471795,6.539585956,6.368187186,6.843749949,6.532334292,6.710523109,6.345636361,7.106606138,6.126869184,6.603943825,6.242223265,7.073269717,6.159095388,6.467698726,5.978885765,6.695798917,6.498282149,6.637258031,6.406879986,NA,NA,NA,NA,NA,NA,NA,NA,NA,NA,NA,NA,NA,NA,NA,NA,NA,175.771318
2133.786965,780.1112057,NA,NA,NA,NA,NA,NA,NA,NA,NA,NA,NA,NA,NA,NA,NA,NA,NA,NA,NA,5.459585514,6.561030666,7.290974778,7.409741954,6.857514063,6.901737207,6.561030666,6.909753282,7.619724214,6.996681488,6.822197391,6.756932389,7.268223021,7.214504414,7.109879463,7.003065459,6.583409222,7.446585099,7.093404626,6.133398043,6.895682698,6.732210706,7.192934221,7.138867,6.81563999,172.7747076
667.9969309,796.0268799,NA,NA,NA,NA,NA,NA,NA,NA,NA,NA,NA,NA,NA,NA,NA,NA,NA,NA,NA,7.51479976,6.732210706,6.695798917,7.507690078,7.753623547,6.455198563,6.759255271,6.735780014,6.154858094,6.568077911,6.401917197,7.029087564,7.529943371,6.475432717,6.633318433,6.938284484,6.529418838,7.576097341,6.744059186,7.274479559,7.370860167,7.313886832,6.440946541,5.693732139,6.678342115,171.5070993
1820.890165,282.7890413,NA,NA,NA,NA,NA,NA,NA,NA,NA,NA,NA,NA,NA,NA,NA,NA,NA,7.280008253,6.052089169,6.276643489,5.883322388,6.11146734,6.656726524,7.384610383,6.939253946,5.905361848,5.855071922,6.675823222,6.782192056,7.005789019,6.791221463,6.483107351,7.139660336,6.400257445,6.453624999,6.908754779,6.970730078,6.880384082,6.510258341,7.170119543,NA,7.297091005,6.423246964,5.075173815,171.3119898
2021.184014,1191.139366,NA,NA,NA,NA,NA,NA,NA,NA,NA,NA,NA,NA,NA,NA,NA,NA,NA,6.289715571,7.026426809,7.593374193,6.807934944,6.878326468,6.359573869,6.785587645,7.257002707,7.401841579,6.56526497,6.513230111,7.044905117,6.434546519,6.415096959,6.50578406,NA,7.347299701,7.110696123,6.470799504,NA,7.03966035,6.232448017,6.751101469,7.214504414,6.978213743,7.051855623,6.972606251,171.0477967
848.8854637,918.6917917,6.478509642,6.238324625,7.050989447,6.620073207,6.558197803,7.215239979,7.037905963,7.159291905,6.741700695,6.478509642,6.921658184,6.656726524,7.167037877,7.087573706,6.71417053,6.759255271,6.542471961,6.633318433,7.055312843,7.365812837,6.807934944,6.212606096,6.542471961,NA,6.929516771,6.327936784,NA,NA,NA,NA,NA,NA,NA,NA,NA,NA,NA,NA,NA,NA,NA,NA,NA,NA,169.3025476
1955.088121,870.5535911,6.09356977,5.855071922,7.053585727,6.759255271,7.34601021,7.102499356,6.996681488,6.295266001,6.336825731,7.02464903,6.774223886,6.354370041,7.53369371,6.708084084,6.415096959,7.18690102,6.418364936,6.624065228,6.159095388,6.747586527,6.599870499,6.852242569,6.970730078,7.074963198,7.165493475,NA,NA,NA,NA,NA,NA,NA,NA,NA,NA,NA,NA,NA,NA,NA,NA,NA,NA,NA,168.4481961
2493.100279,1122.546846,6.698268054,6.593044534,5.645446898,5.416100402,6.633318433,6.91671502,5.966146739,NA,NA,NA,NA,NA,NA,7.381501895,6.794586581,NA,NA,6.475432717,6.66057515,6.942156706,6.100318952,5.017279837,6.695798917,NA,5.267858159,6.624065228,5.680172609,6.603943825,NA,NA,6.280395839,6.354370041,6.899723107,6.621405652,7.05012252,6.69950034,7.392647521,NA,NA,NA,NA,NA,NA,NA,167.4108957
2269.533512,1358.16757,NA,NA,NA,NA,NA,NA,NA,NA,NA,NA,NA,NA,NA,NA,NA,NA,NA,NA,7.253470383,7.564757013,6.64118217,6.65415252,6.385194399,6.97354302,6.9902565,7.512071246,6.558197803,6.582025139,6.88857246,6.704414355,6.779921907,NA,6.972606251,NA,7.311886164,6.635946556,6.850126166,7.359467638,6.517671273,6.688354714,7.181591945,7.057036982,6.968850378,7.13169851,166.1629955
1916.496967,704.1811067,NA,NA,NA,NA,NA,NA,NA,NA,NA,NA,NA,NA,NA,NA,NA,NA,NA,NA,5.786897381,5.765191103,5.480638923,6.726233402,7.500529485,7.177018766,NA,6.626717749,6.385194399,7.262628601,7.779466967,6.434546519,6.656726524,6.637258031,6.453624999,6.708084084,6.29710932,7.180069874,6.695798917,6.929516771,6.03068526,6.463029457,6.516193076,6.56526497,6.996681488,6.742880636,165.7979867
1893.270496,436.9500306,NA,NA,NA,NA,NA,NA,NA,NA,NA,NA,NA,NA,NA,NA,NA,NA,NA,NA,4.465908119,5.634789603,6.388561406,6.32256524,6.849066283,6.588926478,6.463029457,6.65415252,6.704414355,7.068172,5.739792912,6.770789424,6.285998095,6.683360946,6.248042875,5.231108617,6.419994928,7.215239979,6.306275287,7.13169851,5.164785974,6.71417053,5.993961427,6.894670039,7.003065459,6.661854741,165.6043952
252.4624156,1491.084904,6.914730893,6.568077911,6.32256524,5.159055299,7.096721378,6.762729507,7.098375639,6.426488457,6.689599269,6.186208624,6.749931194,5.673323267,6.047372179,5.723585102,6.633318433,6.008813185,5.283203729,6.212606096,6.340359304,5.308267697,6.968850378,7.106606138,6.309918278,6.104793232,6.154858094,6.805722553,NA,NA,NA,NA,NA,NA,NA,NA,NA,NA,NA,NA,NA,NA,NA,NA,NA,NA,164.6560811
2621.996026,1226.368395,NA,NA,NA,NA,NA,NA,NA,NA,NA,NA,NA,NA,NA,NA,NA,NA,NA,NA,7.01571242,NA,6.575075841,6.052089169,6.426488457,6.744059186,5.937536205,6.906754779,6.104793232,6.656726524,6.008813185,6.206575927,6.532334292,6.624065228,6.386879319,6.21860012,7.057036982,6.573680167,7.184629153,6.706862337,6.12249281,6.652863029,6.901737207,7.005789019,6.677083461,7.002155954,164.280834
1654.771233,707.206278,NA,NA,NA,6.486160789,7.143617603,5.846438775,6.579251212,6.165417854,6.212606096,7.029087564,NA,NA,NA,NA,6.66949809,7.365812837,6.860663671,6.396929655,6.251903883,6.086774727,5.991464547,6.12249281,6.735780014,7.057897937,6.796823718,6.929516771,6.226536669,6.65415252,6.9117473,6.527957918,6.115892125,NA,6.165417854,NA,NA,NA,NA,NA,NA,NA,NA,NA,NA,NA,163.3298429
1820.987911,300.3230344,NA,NA,6.720220155,6.93439721,5.214935758,5.402677382,6.624065228,5.416100402,5.855071922,6.186208624,5.318119994,5.552959585,7.147559271,6.575075841,6.035481433,6.643789733,6.927557906,6.66057515,6.345636361,5.937536205,5.953243334,6.261491684,6.871091295,7.133295955,6.791221463,6.304448802,6.388561406,NA,NA,NA,NA,NA,NA,NA,NA,NA,NA,NA,NA,NA,NA,NA,NA,NA,157.2013221
1814.838117,724.4951221,NA,NA,NA,NA,NA,5.978885765,6.833031733,6.126869184,5.863631176,7.127693699,6.070737728,6.486160789,NA,6.860663671,6.336825731,6.999422468,6.774223886,5.846438775,5.932245187,NA,5.673323267,6.637258031,6.901737207,6.630683386,6.841615476,6.794586581,5.97126184,6.93439721,7.529943371,6.532334292,7.070724107,NA,NA,NA,NA,NA,NA,NA,NA,NA,NA,NA,NA,NA,156.7546946
